motor.left.speed	motor.right.speed	delta x observed	delta x computed	delta theta observed	delta theta computed	thetaSum	pos X	posY	vertical 0	vertical 1
23	-2	0.04419571045576408	0.0	-0.020199911625230458633861729822456254623830318450927734375	0.0	-0.02019991162523046	0.04419571045576408	0.0	265	226
36	-39	-0.007680965147453083	0.0	-0.06382163949832077298740529158749268390238285064697265625	0.0	-0.08402155112355122	0.03651631231182462	1.55144265920687E-4	252	225
0	0	0.0	0.0	0	0.0	-0.08402155112355122	0.03651631231182462	1.55144265920687E-4	273	218
214	135	1.8198525469168902	0.0	-0.13492504038826036438791788896196521818637847900390625	0.0	-0.2189465915118116	1.8499489027569345	-0.15257184231939427	273	232
164	151	0.7558310991957105	0.0	-0.01217176891434586412377161224185329047031700611114501953125	0.0	-0.23111836042615747	2.5877358894858884	-0.3167394783650118	266	237
150	148	0.7909383378016087	0.0	-0.0020839026915675969153785018761482206173241138458251953125	0.0	-0.23320226311772507	3.357643829505426	-0.49791678958041746	290	239
138	146	0.6700268096514745	0.0	0.007393083439059522192493556502768115024082362651824951171875	0.0	-0.22580917967866554	4.009533924667053	-0.6527561562863626	872	498
153	158	0.7837533512064344	0.0	0.004942807791428521259347039773501819581724703311920166015625	0.0	-0.220866371887237	4.773390329262769	-0.8282346697443435	923	923
152	161	0.7048793565683648	0.0	0.00793421457318392066293544218069655471481382846832275390625	0.0	-0.2129321573140531	5.461146767137615	-0.9826561367686353	924	920
172	150	0.8762198391420912	0.0	-0.0230980999721742963348702915027388371527194976806640625	0.0	-0.2360302572862274	6.31757759658457	-1.1678248189991696	926	917
155	153	0.7761930294906167	0.0	-0.00197865508088236434491857806960979360155761241912841796875	0.0	-0.23800891236710975	7.072249849289642	-1.349333524098601	925	916
158	124	0.7257908847184987	0.0	-0.032994298270906045889017121908182161860167980194091796875	0.0	-0.2710032106380158	7.777580206969508	-1.520451889201982	926	916
146	150	0.7062734584450402	0.0	0.00374515626232826102925965727763468748889863491058349609375	0.0	-0.26725805437568756	8.458076678423023	-1.7095199997950505	929	919
142	138	0.6455764075067024	0.0	-0.0036189150400025888072719215671213532914407551288604736328125	0.0	-0.27087696941569017	9.080734242641716	-1.880008872307315	930	925
180	149	0.8247050938337802	0.0	-0.02949191258567117335243068509953445754945278167724609375	0.0	-0.30036888200136136	9.875367793397842	-2.1006806009181553	931	925
154	149	0.71485254691689	0.0	-0.004627309421762870744743167961132712662220001220703125	0.0	-0.30499619142312423	10.558214541782759	-2.3121858775750512	931	925
173	151	0.846916890080429	0.0	-0.0221878300225319576022275924742643837817013263702392578125	0.0	-0.32718402144565617	11.36604460506833	-2.566506162954602	932	928
153	148	0.7383780160857909	0.0	-0.004811350137401166661421658687913804897107183933258056640625	0.0	-0.33199537158305736	12.065252471945495	-2.8038044004867695	930	927
153	145	0.7110455764075068	0.0	-0.007477095750867017442953255113025079481303691864013671875	0.0	-0.3394724673339244	12.737470604279086	-3.0355555478207665	932	928
149	130	0.7068498659517427	0.0	-0.018653880405813734466580200432872516103088855743408203125	0.0	-0.3581263477397381	13.403980873302226	-3.2709292810254227	931	927
148	134	0.7295710455764076	0.0	-0.0141194252924854157793532749565201811492443084716796875	0.0	-0.3722457730322235	14.087264444352927	-3.526658575545339	930	924
158	165	0.8183243967828419	0.0	0.00695059695116700786143848489473384688608348369598388671875	0.0	-0.3652951760810565	14.849544167347203	-3.8242899621324598	929	920
152	155	0.7942493297587132	0.0	0.00304635605107058358986815704838591045700013637542724609375	0.0	-0.36224882002998593	15.591387621835647	-4.1080156868294235	911	832
148	139	0.7078820375335121	0.0	-0.00868985405634429240728788812475613667629659175872802734375	0.0	-0.37093867408633024	16.253329712462023	-4.358873510545925	466	327
47	-6	1.309691689008043	0.0	-0.60633554429333924584710757699212990701198577880859375	0.0	-0.9772742183796694	17.47394599007506	-4.83362420626193	263	222
47	0	0.17703753351206436	0.0	-0.0645496655784712769499122941851965151727199554443359375	0.0	-1.0418238839581406	17.572960290531654	-4.980384066500096	254	215
40	-40	0.0	0.0	-0.0612406261004338203779440163998515345156192779541015625	0.0	-1.1030645100585745	17.572960290531654	-4.980384066500096	248	211
48	-48	0.0	0.0	-0.070761717730020101679855315524036996066570281982421875	0.0	-1.1738262277885947	17.572960290531654	-4.980384066500096	260	217
48	-39	0.025335120643431637	0.0	-0.07785439161365863280916954636268201284110546112060546875	0.0	-1.2516806194022534	17.582755502717163	-5.003749043629511	267	208
47	-55	-0.017479892761394104	0.0	-0.06690467152748681700646926628905930556356906890869140625	0.0	-1.3185852909297402	17.577271587773783	-4.987151654441942	268	202
42	-39	0.00707774798927614	0.0	-0.06212974669773298208585998736452893353998661041259765625	0.0	-1.3807150376274733	17.579037809016718	-4.994005483964239	273	218
41	-36	0.012131367292225203	0.0	-0.06164195290801625926047080383796128444373607635498046875	0.0	-1.4423569905354896	17.581329894032756	-5.005918351740645	264	214
46	-54	-0.018552278820375336	0.0	-0.07015440397100436431543357684859074652194976806640625	0.0	-1.512511394506494	17.578953597744523	-4.987518888015322	271	214
46	-52	-0.01447721179624665	0.0	-0.0720846857814268215935982198061537928879261016845703125	0.0	-1.5845960802879209	17.57811027210617	-4.9730662597678	271	212
47	-38	0.021353887399463808	0.0	-0.0645961197464282321778483719754149205982685089111328125	0.0	-1.649192200034349	17.57781560307661	-4.994418113955013	258	208
0	0	0.0	0.0	0	0.0	-1.649192200034349	17.57781560307661	-4.994418113955013	251	205
-3	-6	-0.021353887399463808	0.0	-0.002793808399168359012099127625106120831333100795745849609375	0.0	-1.6519860084335174	17.57948794548547	-4.97312981252121	251	206
0	0	0.0	0.0	0	0.0	-1.6519860084335174	17.57948794548547	-4.97312981252121	253	205
-1	2	0.0024262734584450402	0.0	0.002856945312143915373381819478026955039240419864654541015625	0.0	-1.6491290631213735	17.579291173461314	-4.975548093659883	252	205
-1	-1	-0.004772117962466488	0.0	0	0.0	-1.6491290631213735	17.579664604349407	-4.970790609112403	253	205
1	-1	0.0	0.0	-0.001831308425923039266691727533498124103061854839324951171875	0.0	-1.6509603715472965	17.579664604349407	-4.970790609112403	254	206
0	-1	-0.002506702412868633	0.0	-0.000984174177466326342844649133212442393414676189422607421875	0.0	-1.6519445457247628	17.57986533659911	-4.968291956765515	254	208
0	-3	-0.007198391420911528	0.0	-0.0028253768556561371927404735515665379352867603302001953125	0.0	-1.6547699225804189	17.580448832359902	-4.961117253165659	252	205
-1	-3	-0.009919571045576408	0.0	-0.00194708079767679474725294852532897493802011013031005859375	0.0	-1.6567170033780956	17.581280835783208	-4.951232635821935	254	208
-2	-1	-0.006876675603217159	0.0	0.000899966761212523010116104416056259651668369770050048828125	0.0	-1.655817036616883	17.581870957695507	-4.944381327663597	255	208
-1	-3	-0.010080428954423593	0.0	-0.00197865508088236434491857806960979360155761241912841796875	0.0	-1.6577956916977654	17.582726970765393	-4.9343373100645795	252	206
0	16	0.039463806970509385	0.0	0.01535067475678059643884321161522166221402585506439208984375	0.0	-1.6424450169409848	17.579297974061227	-4.973651862614601	255	207
-2	-8	-0.027479892761394103	0.0	-0.006465097084433505704448297279895996325649321079254150390625	0.0	-1.6489101140254183	17.581265188247265	-4.946242474176988	260	212
-9	-4	-0.03189008042895443	0.0	0.004811350137401166661421658687913804897107183933258056640625	0.0	-1.6440987638880171	17.583753710672617	-4.914449637155047	267	214
-1	18	0.040563002680965146	0.0	0.0175682048266393893432013584288142737932503223419189453125	0.0	-1.6265305590613777	17.580783005777644	-4.954903711102215	275	209
-17	7	-0.02359249329758713	0.0	0.0217759436924900816323624752612886368297040462493896484375	0.0	-1.6047546153688876	17.58209723463298	-4.931347851056093	258	219
-13	0	-0.03189008042895443	0.0	0.012443763750420631930548864829688682220876216888427734375	0.0	-1.592310851618467	17.583179959065447	-4.899476156128328	262	217
-4	-3	-0.016233243967828416	0.0	0.000910492688244248318286955257150339093641377985477447509765625	0.0	-1.5914003589302228	17.583529182653173	-4.883246668995186	264	218
0	8	0.01876675603217158	0.0	0.007351077283155775000944576191841406398452818393707275390625	0.0	-1.584049281647067	17.583142539166875	-4.902009441679029	264	218
-19	12	-0.016890080428954426	0.0	0.0283879372482396287458161765471231774426996707916259765625	0.0	-1.5556613443988274	17.583366376087632	-4.8851208445220875	266	207
-1	9	0.0193029490616622	0.0	0.00943892448572104976467489478864081320352852344512939453125	0.0	-1.5462224199131063	17.58365851472832	-4.9044215827849555	274	204
0	0	0.0	0.0	0	0.0	-1.5462224199131063	17.58365851472832	-4.9044215827849555	274	205
0	-8	-0.018552278820375336	0.0	-0.007267064971348280617846615569987989147193729877471923828125	0.0	-1.5534894848844545	17.583202658639536	-4.885874905329	275	205
-1	0	-0.0037667560321715822	0.0	0.00147889274795742092262484934650501600117422640323638916015625	0.0	-1.552010592136497	17.583137471242715	-4.882108713404894	275	207
-2	-1	-0.006997319034852548	0.0	0.000915755651760111026582489301972600515000522136688232421875	0.0	-1.551094836484737	17.583006029195392	-4.875112629024063	275	206
-1	0	-0.0025201072386058982	0.0	0.00098943714098218894271996592948426041402854025363922119140625	0.0	-1.5501053993437548	17.58295638253891	-4.8725930108578375	274	206
-1	1	0.0	0.0	0.00189445699233417867886342111916064823162741959095001220703125	0.0	-1.5482109423514205	17.58295638253891	-4.8725930108578375	275	207
1	0	0.002479892761394102	0.0	-0.000973648250434600817833363795017476149951107800006866455078125	0.0	-1.549184590601855	17.583012387108703	-4.8750722711499765	275	206
-1	1	0.0	0.0	0.00179973414271746988586653248631819224101491272449493408203125	0.0	-1.5473848564591377	17.583012387108703	-4.8750722711499765	276	207
9	0	0.0203887399463807	0.0	-0.00798144204088144411379790454930116538889706134796142578125	0.0	-1.5553662985000192	17.583489673886447	-4.8954554238485395	275	207
-3	1	-0.004986595174262735	0.0	0.0039134778920958228354276542404477368108928203582763671875	0.0	-1.5514528206079234	17.58341273363496	-4.890469422281183	263	211
9	1	0.024396782841823055	0.0	-0.007645120374482006209149176356731913983821868896484375	0.0	-1.5590979409824055	17.583884623525584	-4.914861640978181	256	222
-4	1	-0.007479892761394103	0.0	0.004890224729817579073232192143905194825492799282073974609375	0.0	-1.554207716252588	17.583797122850033	-4.907382260030954	266	224
14	-17	-0.006836461126005363	0.0	-0.02681082962333743158200860534634557552635669708251953125	0.0	-1.5810185458759254	17.583683720660133	-4.900546739518901	266	219
-1	-5	-0.01383378016085791	0.0	-0.0036189150400025888072719215671213532914407551288604736328125	0.0	-1.584637460915928	17.58382513012889	-4.886713682123621	264	214
0	0	0.0	0.0	0	0.0	-1.584637460915928	17.58382513012889	-4.886713682123621	275	213
223	152	1.9453753351206435	0.0	-0.12419115794681458153636555152843357063829898834228515625	0.0	-1.7088286188627426	17.55689978893161	-6.831902675639975	258	370
160	147	0.7448659517426274	0.0	-0.01230776633238324889452197652417453355155885219573974609375	0.0	-1.7211363851951258	17.454410412755713	-7.569683953415798	246	733
151	152	0.71485254691689	0.0	0.00092628157879183644317355739161712335771881043910980224609375	0.0	-1.720210103616334	17.347343827375045	-8.276473108771544	274	904
149	155	0.9535656836461128	0.0	0.007379671793938734174200799742493472876958549022674560546875	0.0	-1.7128304318223952	17.205397502186553	-9.219414651918818	384	906
152	141	0.7541018766756032	0.0	-0.0110665080932113961409424263138134847395122051239013671875	0.0	-1.7238969399156066	17.098649081786075	-9.96592279999737	925	904
32	-6	0.8280965147453083	0.0	-0.45204157600948946527097405123640783131122589111328125	0.0	-2.175938515925096	16.97236170857131	-10.784333049871993	262	215
-3	63	0.22198391420911534	0.0	0.08379151657296259048113284961800673045217990875244140625	0.0	-2.092146999352133	16.846079716696853	-10.966897330868631	266	205
-25	39	0.03359249329758713	0.0	0.053059643673152460940922736654101754538714885711669921875	0.0	-2.039087355678981	16.82934891414384	-10.996026969587307	250	222
-39	39	0.0	0.0	0.06152648311854304330470455397517071105539798736572265625	0.0	-1.9775608725604377	16.82934891414384	-10.996026969587307	271	218
-40	44	0.009490616621983914	0.0	0.0640760205686013717407689682659110985696315765380859375	0.0	-1.9134848519918364	16.82559404711158	-11.004743206013398	262	215
-42	42	0.0	0.0	0.06552406623116864559097649589602951891720294952392578125	0.0	-1.8479607857606677	16.82559404711158	-11.004743206013398	336	211
-44	50	0.013672922252010725	0.0	0.06630911263571903635494209083844907581806182861328125	0.0	-1.7816516731249488	16.821852733201702	-11.017894303805495	572	211
-49	41	-0.01823056300268097	0.0	0.06446210570786560511979956800132640637457370758056640625	0.0	-1.7171895674170832	16.825668324018753	-11.000067506726054	896	210
-43	48	0.013337801608579091	0.0	0.07600766209041610876884220715510309673845767974853515625	0.0	-1.641181905326667	16.82372272677605	-11.013262642311528	921	206
-42	48	0.014718498659517425	0.0	0.0693915608502317926564728622906841337680816650390625	0.0	-1.5717903444764352	16.82268761190924	-11.027944697344891	927	213
-41	48	0.016420911528150135	0.0	0.065870089099455852998943328202585689723491668701171875	0.0	-1.5059202553769793	16.822671289235522	-11.044365600760527	925	256
-48	49	0.002386058981233244	0.0	0.070827486346229207025970708855311386287212371826171875	0.0	-1.43509276903075	16.822825978802815	-11.046746640155348	925	338
-45	42	-0.006514745308310992	0.0	0.060059102101965237963110411101297358982264995574951171875	0.0	-1.3750336669287848	16.82194461562712	-11.040291788849183	925	573
-41	39	-0.00514745308310992	0.0	0.0671897154930473916589761529394309036433696746826171875	0.0	-1.3078439514357374	16.820943360416113	-11.03524265414656	924	834
-46	35	-0.02477211796246649	0.0	0.0593056673023814873157988358798320405185222625732421875	0.0	-1.2485382841333559	16.81450428004846	-11.011322033912851	924	904
-46	47	0.002412868632707775	0.0	0.06972842401397161271603408749797381460666656494140625	0.0	-1.1788098601193844	16.815268457672655	-11.013610694568646	924	907
-44	39	-0.012332439678284183	0.0	0.06606375445963637293989023646645364351570606231689453125	0.0	-1.112746105659748	16.810557157838424	-11.002213645727368	924	907
-49	46	-0.007319034852546918	0.0	0.071471232869167788948061570408754050731658935546875	0.0	-1.0412748727905803	16.80732067945568	-10.995649083377078	925	906
-42	44	0.005308310991957105	0.0	0.0728358172416756211031696466307039372622966766357421875	0.0	-0.9684390555489046	16.810002015576657	-11.00023041530062	923	906
-48	53	0.01239946380697051	0.0	0.0754800787476704593270682153161033056676387786865234375	0.0	-0.8929589768012341	16.817027383666748	-11.010447602090492	922	907
-41	51	0.02479892761394102	0.0	0.0711655001844494206064695163149735890328884124755859375	0.0	-0.8217934766167847	16.83257903760622	-11.02976424958814	924	905
-45	47	0.004477211796246649	0.0	0.06424128935569219100987226056531653739511966705322265625	0.0	-0.7575521872610925	16.83562761059762	-11.033043217136708	922	895
-43	40	-0.00727882037533512	0.0	0.06498662802822925688150945688903448171913623809814453125	0.0	-0.6925655592328632	16.83033940064854	-11.028041611235512	919	902
-47	44	-0.007117962466487935	0.0	0.0676048049748927126767483741787145845592021942138671875	0.0	-0.6249607542579705	16.824861342673795	-11.023496694239606	918	899
-41	49	0.019731903485254693	0.0	0.06977074970733687653279275764361955225467681884765625	0.0	-0.5551900045506336	16.840863641760997	-11.035041149145542	920	900
-41	43	0.0048525469168900805	0.0	0.06552406623116864559097649589602951891720294952392578125	0.0	-0.489665938319465	16.844987337602767	-11.03759894979946	923	877
-43	40	-0.007600536193029491	0.0	0.0678589651786482284112622664906666614115238189697265625	0.0	-0.4218069731408167	16.83827994020915	-11.034024181187975	924	840
-48	45	-0.007399463806970511	0.0	0.071277944547615434967013925415812991559505462646484375	0.0	-0.3505290285932013	16.831529034685186	-11.030994768829583	921	831
-42	47	0.011528150134048256	0.0	0.064740887572036609487469149826210923492908477783203125	0.0	-0.2857881410211647	16.842356171597345	-11.034953474653271	924	827
-44	49	0.0136058981233244	0.0	0.07863816708242356290359253989663557149469852447509765625	0.0	-0.20714997393874113	16.855410211266896	-11.0387891639066	923	836
-44	47	0.007198391420911528	0.0	0.06836870107630392545683406524403835646808147430419921875	0.0	-0.1387812728624372	16.862454708694905	-11.040269668899985	925	853
-40	48	0.019410187667560322	0.0	0.06761847204504711772443670270149596035480499267578125	0.0	-0.07116280081739007	16.88167827373129	-11.04295480066246	924	884
-47	47	0.0	0.0	0.06630911263571903635494209083844907581806182861328125	0.0	-0.004853688181671034	16.88167827373129	-11.04295480066246	926	896
-46	40	-0.01455764075067024	0.0	0.06658223697345093394783788198765250854194164276123046875	0.0	0.0617285487917799	16.867120804456835	-11.042884142691028	928	904
-44	39	-0.012198391420911527	0.0	0.0653456701720316335268989860196597874164581298828125	0.0	0.12707421896381155	16.854945646116327	-11.043636653582196	924	907
0	0	0.0	0.0	0	0.0	0.12707421896381155	16.854945646116327	-11.043636653582196	925	913
-1	-6	-0.01670241286863271	0.0	-0.004679892483373812063496277602325790212489664554595947265625	0.0	0.12239432648043773	16.838377905966624	-11.045753392103157	925	909
-3	-1	-0.014852546916890082	0.0	0.002915358815980931099509643189549024100415408611297607421875	0.0	0.12530968529641867	16.823636468573323	-11.047566724256358	926	912
-1	0	-0.002412868632707775	0.0	0.00094733343285528727635569357090616904315538704395294189453125	0.0	0.12625701872927395	16.82124251922011	-11.047868289395199	925	909
0	-1	-0.0024664879356568366	0.0	-0.00096838528691873810953782975019521472859196364879608154296875	0.0	0.12528863344235522	16.81879566412167	-11.048178874108228	925	911
-3	-1	-0.009544235924932976	0.0	0.0018734074701971322081395232572731401887722313404083251953125	0.0	0.12716204091255234	16.80932623934809	-11.049371532419846	924	911
10	0	0.024932975871313674	0.0	-0.00975355530191175136567327541570193716324865818023681640625	0.0	0.11740848561064059	16.83405790130063	-11.046209542087036	925	911
-3	1	-0.004691689008042895	0.0	0.003682035651165424701425354925277133588679134845733642578125	0.0	0.12109052126180601	16.829398512049195	-11.046759121518798	925	912
15	0	0.03619302949061662	0.0	-0.01409416892838138112009627178622395149432122707366943359375	0.0	0.10699635233342464	16.865326517966643	-11.042387191223792	929	905
9	0	0.02087131367292225	0.0	-0.008170351911671536182524278046912513673305511474609375	0.0	0.0988260004217531	16.88607847588317	-11.040158295294358	928	907
0	0	0.0	0.0	0	0.0	0.0988260004217531	16.88607847588317	-11.040158295294358	923	907
6	1	0.016233243967828416	0.0	-0.00454843482934645833293263450514132273383438587188720703125	0.0	0.09427756559240665	16.902232512723092	-11.038556638810107	926	910
-2	-18	-0.04852546916890081	0.0	-0.01510039201618091318779502074676202028058469295501708984375	0.0	0.07917717357622574	16.853922537347614	-11.043124727828795	924	909
5	-8	-0.008123324396782844	0.0	-0.013735739221775782048506897581319208256900310516357421875	0.0	0.06544143435444996	16.845824662312552	-11.043767237884676	922	911
8	8	0.038391420911528154	0.0	0	0.0	0.06544143435444996	16.88413390536692	-11.041256641101542	923	910
0	3	0.007238605898123325	0.0	0.0028411610839000262830611465147967464872635900974273681640625	0.0	0.06828259543834998	16.89135701683667	-11.040783274389637	924	909
-3	4	0.0023726541554959786	0.0	0.006509289208235769473576137755799209116958081722259521484375	0.0	0.07479188464658575	16.89372414187573	-11.040621389272859	924	909
10	3	0.03154155495978552	0.0	-0.0066563917892128489361969201354440883733332157135009765625	0.0	0.0681354928573729	16.92517751896607	-11.038264535672397	924	908
12	-15	-0.007238605898123325	0.0	-0.024921795538598252861550719217120786197483539581298828125	0.0	0.04321369731877465	16.917955708984874	-11.038757360127798	923	905
7	-3	0.009812332439678285	0.0	-0.00959623989381640056517408510217137518338859081268310546875	0.0	0.033617457424958246	16.927758880959463	-11.038333464924495	923	905
-7	-3	-0.023994638069705095	0.0	0.0037661964660492060381902224008854318526573479175567626953125	0.0	0.03738365389100745	16.903777800184365	-11.039139951721916	923	903
3	8	0.026394101876675603	0.0	0.00470618401417928315655370141712410259060561656951904296875	0.0	0.042089837905186736	16.930153460834273	-11.038153473563446	924	899
-4	1	-0.0071581769436997325	0.0	0.004679892483373812063496277602325790212489664554595947265625	0.0	0.04676973038856055	16.923001623504703	-11.038454671121006	925	894
11	2	0.03189008042895443	0.0	-0.00864262658864676895642542575615152600221335887908935546875	0.0	0.03812710379991378	16.954856831987517	-11.036963724347423	927	887
8	-19	-0.025361930294906167	0.0	-0.0238141601813272214827055250907505978830158710479736328125	0.0	0.014312943618586555	16.92951333347488	-11.037930467034833	926	877
13	7	0.04504021447721181	0.0	-0.00529822590334062988592922494035519775934517383575439453125	0.0	0.009014717715245925	16.974548934553688	-11.037285830995039	926	915
-4	0	-0.009544235924932976	0.0	0.00374515626232826102925965727763468748889863491058349609375	0.0	0.012759873977574186	16.965005086432942	-11.037371868422392	926	912
9	0	0.022077747989276142	0.0	-0.00864262658864676895642542575615152600221335887908935546875	0.0	0.004117247388927417	16.987081037159136	-11.037090166784665	923	907
-3	1	-0.004798927613941019	0.0	0.0037661964660492060381902224008854318526573479175567626953125	0.0	0.007883443854976623	16.98228215022019	-11.03710992510103	924	907
-2	2	0.0	0.0	0.00353475422511880833786879207991660223342478275299072265625	0.0	0.011418198080095431	16.98228215022019	-11.03710992510103	928	908
9	3	0.029597855227882042	0.0	-0.005802818846515927185547578659452483407221734523773193359375	0.0	0.005615379233579504	17.011878076055186	-11.03677197827072	925	907
12	-14	-0.005120643431635389	0.0	-0.025512110742673906049748921986974892206490039825439453125	0.0	-0.019896731509094403	17.006757513356643	-11.036800732474392	925	911
11	3	0.03509383378016086	0.0	-0.00785515115400074216689407791136545711196959018707275390625	0.0	-0.027751882663095147	17.041844400893826	-11.037498938992956	924	911
0	0	0.0	0.0	0	0.0	-0.027751882663095147	17.041844400893826	-11.037498938992956	923	912
-3	-4	-0.01820375335120644	0.0	-0.0010210149220773651924931701984178289421834051609039306640625	0.0	-0.028772897585172513	17.0236476570577	-11.036993815410003	922	912
0	0	0.0	0.0	0	0.0	-0.028772897585172513	17.0236476570577	-11.036993815410003	924	910
-2	0	-0.0050938337801608585	0.0	0.001999704603019411032482910428598188445903360843658447265625	0.0	-0.026773192982153103	17.0185559316727	-11.036847271274436	922	911
0	-2	-0.004798927613941019	0.0	-0.00188393223126565555192168943676733761094510555267333984375	0.0	-0.02865712521341876	17.01375872390095	-11.036718804008242	923	911
0	-2	-0.00482573726541555	0.0	-0.00189445699233417867886342111916064823162741959095001220703125	0.0	-0.03055158220575294	17.00893496802203	-11.036580531178645	924	915
2	-2	0.0	0.0	-0.0039134778920958228354276542404477368108928203582763671875	0.0	-0.03446506009784876	17.00893496802203	-11.036580531178645	926	914
-1	-1	-0.0045308310991957115	0.0	0	0.0	-0.03446506009784876	17.004406827608513	-11.03642440672529	922	911
-1	-1	-0.0048525469168900805	0.0	0	0.0	-0.03446506009784876	16.99955716243191	-11.036257196511933	925	911
-2	-3	-0.012198391420911527	0.0	-0.00095785935988701269294676166055069188587367534637451171875	0.0	-0.03542291945773578	16.987366015164756	-11.035836861445208	923	911
-3	-2	-0.012265415549597857	0.0	0.000963122323402875401242295705372953307232819497585296630859375	0.0	-0.0344597971343329	16.975108294029365	-11.03540247547475	923	912
-1	20	0.046353887399463806	0.0	0.0197974248411947606474114991215174086391925811767578125	0.0	-0.014662372293138139	17.0214346620503	-11.036999504914345	929	907
-11	-4	-0.03558981233243968	0.0	0.006509289208235769473576137755799209116958081722259521484375	0.0	-0.008153083084902368	16.985848675290093	-11.03647769253354	922	909
0	0	0.0	0.0	0	0.0	-0.008153083084902368	16.985848675290093	-11.03647769253354	924	914
-1	7	0.014798927613941021	0.0	0.0077291326862895005922471369785853312350809574127197265625	0.0	-4.2395039861286773E-4	17.00064711104395	-11.036598348083215	924	907
-12	11	-0.0023592493297587133	0.0	0.020903047606813919545576396785691031254827976226806640625	0.0	0.020479097208201052	16.998287861926208	-11.036597347878551	925	913
0	-12	-0.027828418230563	0.0	-0.01086875359775169545828443773416438489221036434173583984375	0.0	0.009610343610449356	16.970465279019482	-11.037167208926034	924	909
0	0	0.0	0.0	0	0.0	0.009610343610449356	16.970465279019482	-11.037167208926034	926	909
134	166	1.5361930294906168	0.0	0.0620568775504377334595318416177178733050823211669921875	0.0	0.07166722116088708	18.506587368657208	-11.022404093313472	925	906
138	174	0.8991957104557641	0.0	0.038939389353477897592892276179554755799472332000732421875	0.0	0.11060661051436499	19.4034748470539	-10.958016386433453	925	794
150	151	0.7625871313672923	0.0	0.00099470010449805175943571722285696523613296449184417724609375	0.0	0.11160131061886304	20.161402054329486	-10.873841084839539	288	207
147	149	0.6943699731903485	0.0	0.0018418331869915626104738937129923215252347290515899658203125	0.0	0.1134431438058546	20.85145237588923	-10.796509245448153	267	203
148	134	0.8278552278820376	0.0	-0.0160215240365508097830637979086532141081988811492919921875	0.0	0.09742161976930379	21.673986336169555	-10.702796052581906	250	206
148	138	0.6824128686327078	0.0	-0.0093340475469908153194342759206847404129803180694580078125	0.0	0.08808757222231298	22.353163384560027	-10.63641939843958	252	200
146	159	0.7522788203753351	0.0	0.01251176245943932431592404697084930376149713993072509765625	0.0	0.1005993346817523	23.102525467877914	-10.570238648437932	251	200
147	143	0.6997319034852547	0.0	-0.0037872366697701514808016565183379498193971812725067138671875	0.0	0.09681209801198215	23.798719633882335	-10.499964755871007	270	213
147	152	0.7454959785522789	0.0	0.004890224729817579073232192143905194825492799282073974609375	0.0	0.10170232274179973	24.5407247290475	-10.427904414582919	269	209
157	156	0.7720107238605899	0.0	-0.00096838528691873810953782975019521472859196364879608154296875	0.0	0.10073393745488099	25.308746299758642	-10.349524412808591	263	200
134	164	0.6990616621983915	0.0	0.02676440124792456298763454469735734164714813232421875	0.0	0.12749833870280555	26.004264156812496	-10.279224213130414	282	199
150	187	0.8176541554959786	0.0	0.033611624051064985241321636522116023115813732147216796875	0.0	0.16110996275387054	26.81528148821697	-10.175256880946666	260	201
137	146	0.6904289544235925	0.0	0.00859539912094924550556296338754691532813012599945068359375	0.0	0.1697053618748198	27.49676927582859	-10.064502484001546	263	205
141	149	0.6919571045576408	0.0	0.007477095750867017442953255113025079481303691864013671875	0.0	0.17718245762568682	28.178786120213253	-9.947636498687688	258	224
152	155	0.6995978552278822	0.0	0.0026833188014611362472161548708982081734575331211090087890625	0.0	0.17986577642714796	28.867431218607354	-9.824327587828686	247	220
148	165	0.7636193029490618	0.0	0.01611365708487765002754343868218711577355861663818359375	0.0	0.19597943351202562	29.618731596500904	-9.687717990752116	241	207
163	161	0.7687399463806971	0.0	-0.00186288270912860908119779157487982956808991730213165283203125	0.0	0.19411655080289703	30.372755875104225	-9.538023326725169	244	206
168	120	0.7142091152815014	0.0	-0.043276057007660219400069223638638504780828952789306640625	0.0	0.1508404937952368	31.07355105015498	-9.400252564308863	251	217
155	128	0.6524932975871314	0.0	-0.0238141601813272214827055250907505978830158710479736328125	0.0	0.12702633361390958	31.718635369135736	-9.30220296052965	238	207
151	159	0.7687667560321717	0.0	0.007771138842193248651157855277915587066672742366790771484375	0.0	0.13479747245610282	32.48120816972649	-9.204811744399022	922	869
23	-6	0.5457774798927615	0.0	-0.35479333356838871349481223660404793918132781982421875	0.0	-0.2199958611122859	33.02203466693857	-9.131464914396606	925	906
-1	63	0.2518230563002681	0.0	0.0898160448769005359537231925060041248798370361328125	0.0	-0.13017981623538535	33.26778837271615	-9.186419147909563	925	908
-23	40	0.0376005361930295	0.0	0.0483094852617677872341772626896272413432598114013671875	0.0	-0.08187033097361757	33.30507075450498	-9.1913001652374	924	906
-36	48	0.02943699731903485	0.0	0.06624808906245227557718635580386035144329071044921875	0.0	-0.015622241911165291	33.334409152483396	-9.193707490562563	926	906
-42	43	0.0025469168900804293	0.0	0.0693404675244145007884100095907342620193958282470703125	0.0	0.05371822561324921	33.336955758586605	-9.193747277495937	925	911
-42	49	0.01585790884718499	0.0	0.06454922056924784767861780210296274162828922271728515625	0.0	0.11826744618249706	33.352790792765674	-9.19289582840566	924	905
-44	43	-0.0024932975871313676	0.0	0.06895674685781193191669302677837549708783626556396484375	0.0	0.187224193040309	33.35031491197541	-9.193190017410215	925	908
-45	45	0.0	0.0	0.06787480542181141551782985743557219393551349639892578125	0.0	0.2550989984621204	33.35031491197541	-9.193190017410215	924	907
-40	39	-0.0024530831099195713	0.0	0.063473733653089059458807241753675043582916259765625	0.0	0.3185727321152095	33.347941214758464	-9.193809031357098	926	907
-42	45	0.0077211796246648805	0.0	0.071181158046773607139812156674452126026153564453125	0.0	0.3897538901619831	33.35527389104505	-9.191390669665275	925	911
-49	46	-0.0071581769436997325	0.0	0.06990043654237289294517410098706022836267948150634765625	0.0	0.45965432670435596	33.348652558761195	-9.194110496120041	925	909
-43	41	-0.005013404825737266	0.0	0.0676961347250195355496060756195220164954662322998046875	0.0	0.5273504614293755	33.344159515752246	-9.196334634709807	923	910
-44	49	0.01260053619302949	0.0	0.07282746508125924334020595551919541321694850921630859375	0.0	0.6001779265106347	33.355048186828995	-9.189993471209775	925	905
-48	48	0.0	0.0	0.07708678747125095875869504880029126070439815521240234375	0.0	0.6772647139818857	33.355048186828995	-9.189993471209775	924	909
-47	50	0.007439678284182305	0.0	0.07361283693287866414234343892530887387692928314208984375	0.0	0.7508775509147644	33.360845851759144	-9.185331294215082	924	909
-41	39	-0.004959785522788204	0.0	0.0647400904490300355131893184079672209918498992919921875	0.0	0.8156176413637944	33.35721980010547	-9.188715259616343	926	911
-48	48	0.0	0.0	0.075900836894770173923774336799397133290767669677734375	0.0	0.8915184782585646	33.35721980010547	-9.188715259616343	926	910
-42	50	0.02026809651474531	0.0	0.07270421370195102872546755179428146220743656158447265625	0.0	0.9642226919605156	33.369952853433425	-9.172946141401349	926	913
-48	43	-0.012064343163538873	0.0	0.0687506491270095387857708146839286200702190399169921875	0.0	1.032973341087525	33.36307550597349	-9.182858278803694	926	911
-43	42	-0.002278820375335121	0.0	0.062041470942897185281150740365774254314601421356201171875	0.0	1.0950148120304222	33.36190814028685	-9.184815388830419	926	911
-47	41	-0.015040214477211796	0.0	0.0698599683559326667392497256514616310596466064453125	0.0	1.1648747803863548	33.35501922117448	-9.198185162388102	925	913
-42	40	-0.005388739946380698	0.0	0.0715643892670648484877204964504926465451717376708984375	0.0	1.2364391696534196	33.35289139320452	-9.203136007400824	925	914
-43	43	0.0	0.0	0.062903660345083489691120348652475513517856597900390625	0.0	1.299342829998503	33.35289139320452	-9.203136007400824	927	909
-46	50	0.00938337801608579	0.0	0.06918045029471238394069843025135924108326435089111328125	0.0	1.3685232802932155	33.35540737704695	-9.19409622818353	926	912
-41	45	0.010026809651474532	0.0	0.06878938295047141993077133292899816296994686126708984375	0.0	1.4373126632436868	33.357421728538974	-9.18427384049756	924	914
-41	48	0.016796246648793565	0.0	0.0673756911360148535994341045807232148945331573486328125	0.0	1.5046883543797016	33.359657100980805	-9.16762700862079	923	914
-45	44	-0.0023056300268096516	0.0	0.064740887572036609487469149826210923492908477783203125	0.0	1.5694292419517382	33.35950479144999	-9.169927602376182	924	911
-48	47	-0.0023324396782841822	0.0	0.0683296402155779969422866315653664059937000274658203125	0.0	1.6377588821673161	33.35950160280805	-9.172260039874894	926	910
-50	42	-0.0193029490616622	0.0	0.0692421082875724069882750200122245587408542633056640625	0.0	1.7070009904548886	33.36079321183925	-9.19151972804962	924	911
0	0	0.0	0.0	0	0.0	1.7070009904548886	33.36079321183925	-9.19151972804962	925	909
0	-8	-0.02026809651474531	0.0	-0.00793916346580823828471551451002596877515316009521484375	0.0	1.6990618269890805	33.36354529335152	-9.211600111105748	925	909
0	0	0.0	0.0	0	0.0	1.6990618269890805	33.36354529335152	-9.211600111105748	924	911
-2	0	-0.004691689008042895	0.0	0.0018418331869915626104738937129923215252347290515899658203125	0.0	1.700903660176072	33.36414542645606	-9.216253259072987	924	911
-1	0	-0.0023458445040214475	0.0	0.000921018615275973734878023346794861936359666287899017333984375	0.0	1.701824678791348	33.36444977765812	-9.21857927643811	924	912
-2	0	-0.005201072386058982	0.0	0.0020418036472935039739307061523732045316137373447418212890625	0.0	1.7038664824386416	33.36512931726183	-9.223735765543307	924	909
2	0	0.004423592493297587	0.0	-0.00173658557630633069053527339775655491393990814685821533203125	0.0	1.7021298968623353	33.364542404846894	-9.21935128103952	924	911
0	0	0.0	0.0	0	0.0	1.7021298968623353	33.364542404846894	-9.21935128103952	924	911
0	1	0.002319034852546917	0.0	0.000910492688244248318286955257150339093641377985477447509765625	0.0	1.7030403895505795	33.36423871252049	-9.217052217400077	925	910
9	0	0.022077747989276142	0.0	-0.00864262658864676895642542575615152600221335887908935546875	0.0	1.6943977629619327	33.36132756404078	-9.195167241484919	926	914
-3	-3	-0.015201072386058981	0.0	0	0.0	1.6943977629619327	33.36320165804604	-9.210252345838077	928	914
9	3	0.030723860589812333	0.0	-0.006023578259155120025181151532933654380030930042266845703125	0.0	1.6883741847027776	33.359413806670325	-9.17976287566397	924	915
-4	-21	-0.06132707774798928	0.0	-0.0162021936622670885419505992786071146838366985321044921875	0.0	1.6721719910405104	33.36660791045224	-9.240666531842257	925	913
12	-16	-0.009115281501340484	0.0	-0.02436280558916346927755824935957207344472408294677734375	0.0	1.647809185451347	33.36753039620445	-9.24973501445434	926	916
-7	10	0.007399463806970511	0.0	0.016290730239656527056357759875027113594114780426025390625	0.0	1.6640999156910035	33.36696110547581	-9.242357482841602	924	915
8	3	0.026689008042895444	0.0	-0.004758767075790225342668549046720727346837520599365234375	0.0	1.6593411486152132	33.36447453673775	-9.215784561921526	925	914
12	3	0.03579088471849866	0.0	-0.008406489250159153436836589889935567043721675872802734375	0.0	1.650934659365054	33.361309578656574	-9.180133889146987	923	914
13	-14	-0.002386058981233244	0.0	-0.0246448866992804958842011586739317863248288631439208984375	0.0	1.6262897726657735	33.361500588842034	-9.182512290410646	924	915
4	-3	0.0023592493297587133	0.0	-0.006472513562991498957399638669585328898392617702484130859375	0.0	1.619817259102782	33.36136973315337	-9.180156672829478	924	916
5	-2	0.007117962466487935	0.0	-0.006509289208235769473576137755799209116958081722259521484375	0.0	1.6133079698945463	33.36102094372948	-9.173047261066742	924	914
1	1	0.004986595174262735	0.0	0	0.0	1.6133079698945463	33.360809019221676	-9.168065171200533	926	915
-2	-3	-0.011193029490616624	0.0	-0.0008789149071490721769339682367672139662317931652069091796875	0.0	1.6124290549873972	33.361284709985156	-9.179248087970112	924	916
13	-6	0.016327077747989277	0.0	-0.0171734137069396268493459700721359695307910442352294921875	0.0	1.5952556412804575	33.36060516554206	-9.162935157910226	924	915
3	-15	-0.027828418230563	0.0	-0.016197464056946268839975999753733049146831035614013671875	0.0	1.5790581772235113	33.36128576170844	-9.190755252267964	923	915
5	13	0.04198391420911528	0.0	0.007309071127252027809395595880914697772823274135589599609375	0.0	1.5863672483507634	33.36093890083488	-9.148772770923328	927	914
-4	-2	-0.014316353887399465	0.0	0.0018734074701971322081395232572731401887722313404083251953125	0.0	1.5882406558209605	33.36116181065042	-9.163087389320037	924	913
15	3	0.04294906166219839	0.0	-0.0111828794242763117361416647099758847616612911224365234375	0.0	1.5770577763966842	33.36041263108524	-9.120144862290966	923	916
3	-27	-0.05951742627345844	0.0	-0.02829379560494882372978509010863490402698516845703125	0.0	1.5487639807917355	33.36078529401518	-9.179661121855535	925	915
10	-6	0.009115281501340484	0.0	-0.01418268863398207402237716223680763505399227142333984375	0.0	1.5345812921577535	33.36098610880349	-9.170548052654137	923	911
0	0	0.0	0.0	0	0.0	1.5345812921577535	33.36098610880349	-9.170548052654137	926	917
2	-6	-0.009115281501340484	0.0	-0.007141046503637039910561412625611410476267337799072265625	0.0	1.5274402456541165	33.36065607072163	-9.17965735733195	923	917
-3	0	-0.012064343163538873	0.0	0.004735268473166710616328867189395168679766356945037841796875	0.0	1.5321755141272833	33.36013317193627	-9.191710363298425	923	916
0	-2	-0.0048525469168900805	0.0	-0.00190498175340270202264558729865484565380029380321502685546875	0.0	1.5302705323738806	33.359945809216285	-9.19655929171528	923	915
-2	-1	-0.007640750670241289	0.0	0.000999963068013914359311034019128783256746828556060791015625	0.0	1.5312704954418945	33.359636246476185	-9.204193768888913	923	916
-2	0	-0.0049061662198391425	0.0	0.00192603127553974827652905066344146689516492187976837158203125	0.0	1.5331965267174343	33.35944237666698	-9.209096103177165	923	916
-1	0	-0.0023324396782841822	0.0	0.000915755651760111026582489301972600515000522136688232421875	0.0	1.5341122823691944	33.359354698063996	-9.211426894312254	923	916
-2	-1	-0.0071581769436997325	0.0	0.0009368075058235618597646254812616462004370987415313720703125	0.0	1.535049089875018	33.35909216607462	-9.21858025534829	923	916
-2	-2	-0.00938337801608579	0.0	0	0.0	1.535049089875018	33.35875680767201	-9.227957638657857	922	916
-1	-3	-0.009919571045576408	0.0	-0.00194708079767679474725294852532897493802011013031005859375	0.0	1.5331020090773413	33.35840228593211	-9.237870872442258	923	915
-1	-4	-0.01239946380697051	0.0	-0.0029200822251194713009836423367460156441666185855865478515625	0.0	1.5301819268522219	33.35793500727857	-9.250261528331286	923	916
-1	18	0.04170241286863271	0.0	0.0180616937262640907257971178978550597093999385833740234375	0.0	1.548243620578486	33.359628260152036	-9.208593505414758	930	915
-9	8	-0.0025469168900804293	0.0	0.016821949703993151203906819546318729408085346221923828125	0.0	1.5650655702824792	33.35957082515275	-9.211139774620053	926	916
-1	-9	-0.02345844504021448	0.0	-0.007351077283155775000944576191841406398452818393707275390625	0.0	1.5577144929993234	33.359436391251904	-9.234597834455236	926	915
0	-3	-0.006635388739946381	0.0	-0.00260439766024169079561279005474716541357338428497314453125	0.0	1.5551100953390817	33.35934959067505	-9.241232655431725	927	920
-1	1	0.0	0.0	0.00176815985951190028820090294203737357747741043567657470703125	0.0	1.5568782551985936	33.35934959067505	-9.241232655431725	926	916
0	39	0.09619302949061663	0.0	0.035838390429522970492826061672531068325042724609375	0.0	1.5927166456281165	33.36068836892253	-9.145048942697256	925	915
-16	13	-0.006796246648793566	0.0	0.025035521241360207678194882419120403937995433807373046875	0.0	1.6177521668694768	33.36083733288573	-9.151843556611889	926	914
0	0	0.0	0.0	0	0.0	1.6177521668694768	33.36083733288573	-9.151843556611889	926	914
-1	-7	-0.019410187667560322	0.0	-0.0057082076696705584539781597186447470448911190032958984375	0.0	1.6120439591998061	33.36174841966577	-9.17123234992579	925	914
-2	0	-0.0076675603217158175	0.0	0.0030100816655976394588256628281897064880467951297760009765625	0.0	1.6150540408654037	33.36206459870146	-9.178893388504504	925	915
0	0	0.0	0.0	0	0.0	1.6150540408654037	33.36206459870146	-9.178893388504504	926	915
-1	0	-0.0023324396782841822	0.0	0.000915755651760111026582489301972600515000522136688232421875	0.0	1.6159697965171638	33.36216779345342	-9.181223544228056	924	915
-2	0	-0.004611260053619303	0.0	0.0018102589037859930128082641687115028616972267627716064453125	0.0	1.6177800554209498	33.36237602923051	-9.185830100115401	926	916
-2	0	-0.004772117962466488	0.0	0.0018734074701971322081395232572731401887722313404083251953125	0.0	1.619653462891147	33.36260015864473	-9.1905969518913	925	915
-3	0	-0.006796246648793566	0.0	0.0026675345732172471568954819076679996214807033538818359375	0.0	1.6223209974643642	33.362932071708244	-9.197385088765989	926	915
5	0	0.01172922252010724	0.0	-0.004601017890957399651685744146334400284104049205780029296875	0.0	1.6177199795734067	33.36232799474658	-9.185671432122968	924	914
-3	2	-0.0024664879356568366	0.0	0.00483764166820663775447908250271211727522313594818115234375	0.0	1.6225576212416133	33.36244368890269	-9.188135205164256	926	913
14	1	0.0353887399463807	0.0	-0.01196777278728978870236954179517852026037871837615966796875	0.0	1.6105898484543235	33.360612739759326	-9.152793861949446	925	918
-3	1	-0.0048525469168900805	0.0	0.0038082768734910969234130906357904677861370146274566650390625	0.0	1.6143981253278146	33.36080578873113	-9.15764256731017	927	915
-1	-17	-0.044879356568364615	0.0	-0.0155175299171803858511164975197971216402947902679443359375	0.0	1.5988805954106342	33.36276198942932	-9.202479270186483	928	917
13	-13	0.0	0.0	-0.0237756843570468834325737361723440699279308319091796875	0.0	1.5751049110535873	33.36276198942932	-9.202479270186483	927	916
6	-8	-0.004745308310991957	0.0	-0.01294890298844517291521061252979052369482815265655517578125	0.0	1.5621560080651422	33.36278243492676	-9.207224534451832	925	915
-3	4	0.0024262734584450402	0.0	0.0066563917892128489361969201354440883733332157135009765625	0.0	1.568812399854355	33.36280339844192	-9.204798351559678	924	917
0	0	0.0	0.0	0	0.0	1.568812399854355	33.36280339844192	-9.204798351559678	924	918
154	126	1.4187667560321717	0.0	-0.054171414780610528671989101212602690793573856353759765625	0.0	1.5146409850737446	33.36561812618511	-7.786034387635522	583	842
168	139	0.7695576407506702	0.0	-0.02770202646233348164894749743325519375503063201904296875	0.0	1.486938958611411	33.40881018965123	-7.017689798215334	248	225
50	-6	1.417319034852547	0.0	-0.63997129408626474145194151788018643856048583984375	0.0	0.8469676645251463	33.52752358630738	-5.6053511787583306	254	216
43	0	0.18502680965147456	0.0	-0.06821895095606116121711437472185934893786907196044921875	0.0	0.7787487135690851	33.650059116050784	-5.466715093122928	262	213
42	-38	0.009812332439678285	0.0	-0.06404019757931080081281294269501813687384128570556640625	0.0	0.7147085159897744	33.657043465450116	-5.4598230156875776	254	213
43	-38	0.011796246648793566	0.0	-0.06212974669773298208585998736452893353998661041259765625	0.0	0.6525787692920414	33.665952985474114	-5.452091787587128	268	223
46	-41	0.012198391420911527	0.0	-0.0674738060651708104753510042428388260304927825927734375	0.0	0.5851049632268706	33.675644857734405	-5.44468446922297	255	216
46	-53	-0.016796246648793565	0.0	-0.07213823501256315384733142082041013054549694061279296875	0.0	0.5129667282143074	33.66164259750392	-5.453960816021415	266	203
42	-51	-0.02219839142091153	0.0	-0.071277944547615434967013925415812991559505462646484375	0.0	0.441688783666692	33.64230130821415	-5.464854993837359	259	216
46	-50	-0.009329758713136729	0.0	-0.0687851334358854649142500647940323688089847564697265625	0.0	0.3729036502308065	33.63386691661321	-5.468843155815929	256	217
52	-41	0.026983914209115282	0.0	-0.07089056441420447940426896593635319732129573822021484375	0.0	0.302013085816602	33.658996318468915	-5.4590123476894785	257	220
41	-38	0.0071581769436997325	0.0	-0.06173947863524509305221954491571523249149322509765625	0.0	0.24027360718135693	33.665830513791825	-5.456883199633178	254	217
42	-38	0.010080428954423593	0.0	-0.06578992975360890838043559369907598011195659637451171875	0.0	0.174483677427748	33.675621361269236	-5.454484376259263	260	209
48	-36	0.030563002680965155	0.0	-0.06878216897194498746781476938849664293229579925537109375	0.0	0.10570150845580302	33.70572030459654	-5.449178648839138	243	218
42	-36	0.014638069705093836	0.0	-0.06255765322667504457765375036615296266973018646240234375	0.0	0.043143855229127975	33.72027667623289	-5.447634262399268	248	210
40	-50	-0.025603217158176948	0.0	-0.07242507170707253305597106418645125813782215118408203125	0.0	-0.029281216477944558	33.69469728419364	-5.4487385412366525	246	203
53	-49	0.009222520107238607	0.0	-0.0705987944952621571115258802819880656898021697998046875	0.0	-0.09988001097320671	33.70391585093676	-5.449008549256845	248	211
0	0	0.0	0.0	0	0.0	-0.09988001097320671	33.70391585093676	-5.449008549256845	260	201
-2	-6	-0.019410187667560322	0.0	-0.0038082768734910969234130906357904677861370146274566650390625	0.0	-0.10368828784669781	33.68460240098476	-5.447073081292362	261	202
-2	0	-0.007426273458445041	0.0	0.002915358815980931099509643189549024100415408611297607421875	0.0	-0.10077292903071688	33.6772160126747	-5.446304442747515	262	200
-1	-1	-0.004798927613941019	0.0	0	0.0	-0.10077292903071688	33.6724414314414	-5.445821658851285	261	201
-1	-1	-0.005013404825737266	0.0	0	0.0	-0.10077292903071688	33.6674534611027	-5.445317298021146	263	203
-2	0	-0.004772117962466488	0.0	0.0018734074701971322081395232572731401887722313404083251953125	0.0	-0.09889952156051975	33.66270555350758	-5.444837211241654	263	201
0	-3	-0.008766756032171582	0.0	-0.003440961757167809546842374146535803447477519512176513671875	0.0	-0.10234048331768755	33.6539816368663	-5.443971595990134	263	203
-3	-2	-0.012064343163538873	0.0	0.00094733343285528727635569357090616904315538704395294189453125	0.0	-0.10139314988483226	33.64198041697865	-5.442739079387447	261	200
-4	-1	-0.012198391420911527	0.0	0.0028727295403878044637024924412571635912172496318817138671875	0.0	-0.09852042034444446	33.629844675071	-5.441504364194122	261	200
-2	-1	-0.007037533512064343	0.0	0.000921018615275973734878023346794861936359666287899017333984375	0.0	-0.09759940172916848	33.622841268053655	-5.440812144515919	262	201
-3	32	0.06802949061662197	0.0	0.03088665893485466329426714082728722132742404937744140625	0.0	-0.06671274279431381	33.690547003462825	-5.447441245983005	263	203
-1	6	0.012064343163538873	0.0	0.006619616143968579287382159037633755360729992389678955078125	0.0	-0.06009312665034523	33.70258450985904	-5.448245494532122	262	217
-1	-5	-0.01487935656836461	0.0	-0.0038924376883748778264970891171969924471341073513031005859375	0.0	-0.06398556433872012	33.68773201125301	-5.44735188553113	263	212
-6	-7	-0.03154155495978552	0.0	-0.000952596396371149984651227615728430464514531195163726806640625	0.0	-0.06493816073509126	33.65625500223413	-5.445335058194296	259	213
-11	-9	-0.04584450402144773	0.0	0.00179973414271746988586653248631819224101491272449493408203125	0.0	-0.06313842659237379	33.61050712657701	-5.442360092340136	261	215
0	-3	-0.0071581769436997325	0.0	-0.0028095926274122481024198005883363293833099305629730224609375	0.0	-0.06594801921978603	33.60336321279037	-5.441908436534968	261	215
-1	25	0.05855227882037534	0.0	0.024309969398778275007089177961461246013641357421875	0.0	-0.04163804982100776	33.66178821168541	-5.445767044985303	254	207
-14	13	-0.0023324396782841822	0.0	0.0240910690206449784600550856339395977556705474853515625	0.0	-0.01754698080036278	33.659457793622074	-5.445669954806097	277	215
-10	-7	-0.040335120643431636	0.0	0.002793808399168359012099127625106120831333100795745849609375	0.0	-0.01475317240119442	33.619128882341265	-5.444962231537481	258	218
0	-3	-0.00727882037533512	0.0	-0.002856945312143915373381819478026955039240419864654541015625	0.0	-0.017610117713338334	33.61185085409137	-5.444854849741089	255	218
0	16	0.038820375335120644	0.0	0.01510039201618091318779502074676202028058469295501708984375	0.0	-0.002509725697157421	33.65066521016752	-5.445538445786765	257	212
-10	13	0.007198391420911528	0.0	0.0212593495546573411913993112420939723961055278778076171875	0.0	0.01874962385749992	33.6578635789181	-5.4455565117557265	277	212
-2	0	-0.004798927613941019	0.0	0.00188393223126565555192168943676733761094510555267333984375	0.0	0.020633556088765576	33.6530654948071	-5.445646484571558	273	214
0	0	0.0	0.0	0	0.0	0.020633556088765576	33.6530654948071	-5.445646484571558	269	207
2	-8	-0.015120643431635392	0.0	-0.009858432240641985810913894283658009953796863555908203125	0.0	0.01077512384812359	33.63794807002014	-5.445958455078227	265	208
0	0	0.0	0.0	0	0.0	0.01077512384812359	33.63794807002014	-5.445958455078227	267	208
-1	0	-0.0025201072386058982	0.0	0.00098943714098218894271996592948426041402854025363922119140625	0.0	0.011764560989105778	33.63542810907649	-5.445985609020383	267	209
0	0	0.0	0.0	0	0.0	0.011764560989105778	33.63542810907649	-5.445985609020383	266	208
-1	-1	-0.004798927613941019	0.0	0	0.0	0.011764560989105778	33.63062951355626	-5.4460420649946615	266	208
0	0	0.0	0.0	0	0.0	0.011764560989105778	33.63062951355626	-5.4460420649946615	268	209
4	0	0.009865951742627346	0.0	-0.003871397484653932817566523993946248083375394344329833984375	0.0	0.007893163504451847	33.640494782558754	-5.445925999081061	267	206
6	0	0.013753351206434318	0.0	-0.0053928370801859977501369058927593869157135486602783203125	0.0	0.0025003264242658488	33.654247705336566	-5.445817442758476	268	207
-2	0	-0.004745308310991957	0.0	0.00186288270912860908119779157487982956808991730213165283203125	0.0	0.004363209133394458	33.64950241185853	-5.445829307565875	270	206
5	0	0.011796246648793566	0.0	-0.004627309421762870744743167961132712662220001220703125	0.0	-2.641002883684131E-4	33.661298546221424	-5.445777838238066	269	207
-3	-1	-0.009865951742627346	0.0	0.00193655603660827162031121684293566431733779609203338623046875	0.0	0.0016724557482398585	33.651432594822865	-5.445775232637396	271	207
0	0	0.0	0.0	0	0.0	0.0016724557482398585	33.651432594822865	-5.445775232637396	269	207
129	129	1.3176675603217158	0.0	0	0.0	0.0016724557482398585	34.96909831231562	-5.443571492979217	269	209
145	158	0.7310991957104558	0.0	0.0122397676233645565091467943830139120109379291534423828125	0.0	0.013912223371604415	35.70019648554453	-5.442348762496836	260	268
148	132	0.6493297587131367	0.0	-0.01443297137458175553870187712846018257550895214080810546875	0.0	-5.207480029773403E-4	36.349463406397064	-5.4333154332584535	277	911
151	144	0.7632037533512065	0.0	-0.0070976995321440881914210052627822733484208583831787109375	0.0	-0.0076184475351214285	37.112667056266055	-5.433712870070913	752	908
144	131	0.6303619302949063	0.0	-0.011627779242196330244940583042989601381123065948486328125	0.0	-0.019246226777317757	37.743010693312094	-5.438515202909527	927	906
154	138	0.6849865951742627	0.0	-0.0145998265349815449509751630330356420017778873443603515625	0.0	-0.0338460533122993	38.42787042697862	-5.4516977963811755	926	909
144	169	0.7132707774798929	0.0	0.0218725157725425355115245196202522492967545986175537109375	0.0	-0.011973537539756763	39.1407326978894	-5.475834588187499	927	906
143	140	0.6676675603217158	0.0	-0.0027780241709244699217784546618759122793562710285186767578125	0.0	-0.014751561710681232	39.80835239850231	-5.483828739767502	926	909
158	134	0.8024128686327078	0.0	-0.0253640253236390132707267497380598797462880611419677734375	0.0	-0.04011558703432025	40.6106779627586	-5.495665153421503	925	907
155	165	0.7721179624664879	0.0	0.00943892448572104976467489478864081320352852344512939453125	0.0	-0.0306766625485992	41.38217473913509	-5.526630811885105	924	909
144	130	0.6464343163538874	0.0	-0.01287574534444265762778147887956947670318186283111572265625	0.0	-0.04355240789304186	42.0283049133701	-5.546458149148451	925	912
143	159	0.8015549597855228	0.0	0.0165186608795791223247562129472498781979084014892578125	0.0	-0.027033747013462735	42.829099793684335	-5.581356762577611	924	911
150	159	0.7372922252010724	0.0	0.008406489250159153436836589889935567043721675872802734375	0.0	-0.01862725776330358	43.56612262005891	-5.601286106389643	924	907
138	159	0.7365281501340483	0.0	0.0201237560198957755874804576023961999453604221343994140625	0.0	0.0014964982565921943	44.3025229955589	-5.6150048127192616	925	908
141	154	0.6564343163538875	0.0	0.01128778569710287005278814831399358808994293212890625	0.0	0.012784283953695064	44.958956576868296	-5.614022460275935	926	913
153	146	0.6973994638069705	0.0	-0.006398962272502959659770116473964662873186171054840087890625	0.0	0.006385321681192105	45.6562990506939	-5.605106950361496	919	913
158	138	0.7023056300268097	0.0	-0.018363416039515433053619375414200476370751857757568359375	0.0	-0.011978094358323328	46.35859036344986	-5.600622533468764	735	915
149	155	0.7375871313672923	0.0	0.0057082076696705584539781597186447470448911190032958984375	0.0	-0.006269886688652769	47.09612458288719	-5.609457210463392	293	914
164	156	0.7806970509383377	0.0	-0.007645120374482006209149176356731913983821868896484375	0.0	-0.013915007063134775	47.87680628869791	-5.6143520604401616	184	721
147	127	0.6611260053619303	0.0	-0.0186746603791682376505267626498607569374144077301025390625	0.0	-0.032589667442303016	48.53786828903073	-5.623551336595668	153	117
42	-6	1.1388739946380697	0.0	-0.55206213263826009463031141422106884419918060302734375	0.0	-0.5846518000805632	49.676137545891116	-5.660660291706003	257	219
44	0	0.168686327077748	0.0	-0.062025105655948147009848270272414083592593669891357421875	0.0	-0.6466769057365113	49.81680580126869	-5.753759802295531	247	209
44	-38	0.013592493297587133	0.0	-0.060171053662358010838406841003234148956835269927978515625	0.0	-0.7068479593988692	49.827653840915296	-5.7619497906881145	255	205
39	-44	-0.01172922252010724	0.0	-0.06283237516541502476474789773419615812599658966064453125	0.0	-0.7696803345642843	49.81873479101143	-5.754332362661637	266	202
48	-34	0.03340482573726542	0.0	-0.06337542930118179873577588523403392173349857330322265625	0.0	-0.8330557638654661	49.842723904187665	-5.777578971695108	256	216
40	-43	-0.00727882037533512	0.0	-0.06498662802822925688150945688903448171913623809814453125	0.0	-0.8980423918936954	49.83782804099612	-5.772192716069345	241	207
46	-35	0.025214477211796253	0.0	-0.060364697075638303058742195617014658637344837188720703125	0.0	-0.9584070889693337	49.853540246385826	-5.791913174047188	267	220
45	-49	-0.011313672922252011	0.0	-0.0823013103890395114614619842541287653148174285888671875	0.0	-1.0407083993583732	49.84703687388355	-5.782655456127074	269	224
45	-57	-0.027828418230563	0.0	-0.0710092526027927550824614399971324019134044647216796875	0.0	-1.111717651961166	49.83296656950276	-5.758646137189485	246	205
45	-38	0.017453083109919575	0.0	-0.0667818387472411123528814869132474996149539947509765625	0.0	-1.1784994907084072	49.840700420931114	-5.7742921479310745	265	210
42	-36	0.013029490616621984	0.0	-0.05568318583912834629501276140217669308185577392578125	0.0	-1.2341826765475354	49.845681748615156	-5.786331832321989	265	204
43	-54	-0.026394101876675603	0.0	-0.07122539357289341122037029663260909728705883026123046875	0.0	-1.305408070120429	49.83696396972975	-5.761419005401273	250	206
51	-52	-0.002386058981233244	0.0	-0.07349444126761338347275653859469457529485225677490234375	0.0	-1.3789025113880422	49.836338144750435	-5.7591164805789985	265	218
45	-39	0.015040214477211796	0.0	-0.0676961347250195355496060756195220164954662322998046875	0.0	-1.4465986461130618	49.83920658873586	-5.773880629068599	273	210
41	-39	0.004772117962466488	0.0	-0.062290465405012686306296387783731915988028049468994140625	0.0	-1.5088891115180745	49.83979775219028	-5.778615989204624	254	220
42	-50	-0.0193029490616622	0.0	-0.0692421082875724069882750200122245587408542633056640625	0.0	-1.578131219805647	49.83860352352267	-5.759350017639022	260	209
49	-52	-0.006997319034852548	0.0	-0.0709920740653765258709739782716496847569942474365234375	0.0	-1.6491232938710234	49.83865484764894	-5.752352886833501	246	218
0	0	0.0	0.0	0	0.0	-1.6491232938710234	49.83865484764894	-5.752352886833501	262	204
-2	-5	-0.016420911528150135	0.0	-0.00276223994268058083145778169864570372737944126129150390625	0.0	-1.651885533813704	49.83993973308485	-5.735982321637641	263	205
-1	1	0.0	0.0	0.002894309293843884411945310830560629256069660186767578125	0.0	-1.6489912245198601	49.83993973308485	-5.735982321637641	265	205
-1	-1	-0.004450402144772119	0.0	0	0.0	-1.6489912245198601	49.84028737729744	-5.731545518424556	264	205
-1	0	-0.002386058981233244	0.0	0.0009368075058235618597646254812616462004370987415313720703125	0.0	-1.6480544170140365	49.84047376485721	-5.729166750436818	265	205
0	-2	-0.0046648793565683645	0.0	-0.001831308425923039266691727533498124103061854839324951171875	0.0	-1.6498857254399595	49.84083380610804	-5.724515786051979	266	207
-1	-1	-0.004611260053619303	0.0	0	0.0	-1.6498857254399595	49.841198127801874	-5.719918940504704	265	205
-2	-2	-0.009544235924932976	0.0	0	0.0	-1.6498857254399595	49.84195218898215	-5.710404539255693	266	208
-7	-3	-0.02345844504021448	0.0	0.003682035651165424701425354925277133588679134845733642578125	0.0	-1.6462036897887942	49.84380556969209	-5.687019423826241	266	208
-1	-1	-0.004986595174262735	0.0	0	0.0	-1.6462036897887942	49.84418123942156	-5.682046999499382	265	205
-1	18	0.043753351206434324	0.0	0.0189499737455885546022482657235741498880088329315185546875	0.0	-1.6272537160432057	49.840885040504915	-5.725676012947952	270	205
-1	5	0.009329758713136729	0.0	0.00548744825703136561434458684516357607208192348480224609375	0.0	-1.6217662677861744	49.840358586462855	-5.734990906602039	274	205
0	-9	-0.02231903485254692	0.0	-0.00873708152404181585815035049336074735037982463836669921875	0.0	-1.6305033493102161	49.84149569384785	-5.7127008571731075	277	205
-15	-4	-0.04457104557640751	0.0	0.010086661022458302816584563288415665738284587860107421875	0.0	-1.6204166882877578	49.84415531738416	-5.668209234293971	267	202
-6	13	0.017453083109919575	0.0	0.018357787066038910861465183188556693494319915771484375	0.0	-1.6020589012217188	49.843289644433625	-5.685640835493645	265	208
-6	11	0.011394101876675606	0.0	0.01505121815620439999772184336279678973369300365447998046875	0.0	-1.5870076830655144	49.842933493496226	-5.697029369819266	262	210
-1	-7	-0.01994638069705094	0.0	-0.005865892964412839673260524619990974315442144870758056640625	0.0	-1.5928735760299273	49.84325683721669	-5.677085610099742	266	210
-9	-3	-0.027506702412868636	0.0	0.0053928370801859977501369058927593869157135486602783203125	0.0	-1.5874807389497414	49.843864060211445	-5.649585610865837	263	219
0	-1	-0.002278820375335121	0.0	-0.000894703797696660301820570371233998230309225618839263916015625	0.0	-1.5883754427474381	49.84390207922586	-5.647307107660312	264	219
-13	31	0.044879356568364615	0.0	0.040338005776246001199414337179405265487730503082275390625	0.0	-1.5480374369711922	49.843113180445954	-5.692179529978541	261	222
-11	18	0.017171581769437	0.0	0.027109469746561642988780249652336351573467254638671875	0.0	-1.5209279672246305	49.843503952846966	-5.709346664783018	270	229
0	0	0.0	0.0	0	0.0	-1.5209279672246305	49.843503952846966	-5.709346664783018	266	224
-1	-9	-0.02386058981233244	0.0	-0.007477095750867017442953255113025079481303691864013671875	0.0	-1.5284050629754975	49.842314557493005	-5.685515737715773	266	224
-2	-1	-0.011380697050938339	0.0	0.00148941867498914612237548293904865204240195453166961669921875	0.0	-1.5269156443005083	49.84183225984185	-5.674145264799446	268	225
-3	0	-0.007117962466487935	0.0	0.002793808399168359012099127625106120831333100795745849609375	0.0	-1.52412183590134	49.841520019017395	-5.667034154102665	267	225
-3	0	-0.00707774798927614	0.0	0.0027780241709244699217784546618759122793562710285186767578125	0.0	-1.5213438117304154	49.84118978866539	-5.659964114179559	267	225
-1	0	-0.0024664879356568366	0.0	0.00096838528691873810953782975019521472859196364879608154296875	0.0	-1.5203754264434968	49.84106786434314	-5.657500641590634	268	226
-1	0	-0.002479892761394102	0.0	0.000973648250434600817833363795017476149951107800006866455078125	0.0	-1.5194017781930622	49.84094287889078	-5.655023900436473	268	225
-2	2	0.0	0.0	0.0038924376883748778264970891171969924471341073513031005859375	0.0	-1.5155093405046873	49.84094287889078	-5.655023900436473	279	225
7	0	0.01857908847184987	0.0	-0.0072815777583654373028565487402374856173992156982421875	0.0	-1.5227909182630528	49.84196953749102	-5.673574601247045	272	221
-3	-1	-0.009168900804289545	0.0	0.00179973414271746988586653248631819224101491272449493408203125	0.0	-1.5209911841203354	49.84152954970096	-5.664416263368178	262	222
11	0	0.02477211796246649	0.0	-0.00968319458155997292436723000719211995601654052734375	0.0	-1.5306743787018955	49.8427628185582	-5.689157663414903	254	229
-2	1	-0.0023726541554959786	0.0	0.002793808399168359012099127625106120831333100795745849609375	0.0	-1.5278805703027272	49.84266764858977	-5.68678691871783	255	228
16	0	0.03796246648793566	0.0	-0.01476668169538133436324844893761110142804682254791259765625	0.0	-1.5426472519981085	49.844296336507334	-5.724714431653888	291	218
11	-16	-0.012198391420911527	0.0	-0.025198704377916013308347231713923974893987178802490234375	0.0	-1.5678459563760245	49.84395300841952	-5.712520872736087	277	223
8	2	0.02386058981233244	0.0	-0.005613596492825189722408740777837010682560503482818603515625	0.0	-1.5734595528688498	49.84402340589575	-5.736381358699028	256	219
4	3	0.017359249329758714	0.0	-0.000973648250434600817833363795017476149951107800006866455078125	0.0	-1.5744332011192843	49.84397717434496	-5.753740546466215	261	219
0	0	0.0	0.0	0	0.0	-1.5744332011192843	49.84397717434496	-5.753740546466215	261	220
135	149	1.4618766756032173	0.0	0.02809253529696580098384828261259826831519603729248046875	0.0	-1.5463406658223184	49.83866052431848	-7.215607554064789	262	208
159	152	0.7253887399463808	0.0	-0.006398962272502959659770116473964662873186171054840087890625	0.0	-1.5527396280948214	49.85639861716137	-7.940779384807886	258	209
162	149	0.750402144772118	0.0	-0.0122397676233645565091467943830139120109379291534423828125	0.0	-1.564979395718186	49.869947666300206	-8.69105920070728	256	213
145	158	0.7270375335120643	0.0	0.01217176891434586412377161224185329047031700611114501953125	0.0	-1.55280762680384	49.87417676967293	-9.418084433983243	266	216
153	148	0.7222386058981234	0.0	-0.00470618401417928315655370141712410259060561656951904296875	0.0	-1.5575138108180193	49.8871682025931	-10.14020618723566	267	220
147	164	0.7295576407506703	0.0	0.01549390104315158563086374243766840663738548755645751953125	0.0	-1.5420199097748677	49.89685827867758	-10.869699472744966	261	817
147	186	0.8079490616621984	0.0	0.0352540688464329232676419678682577796280384063720703125	0.0	-1.5067658409284348	49.920104949138015	-11.677314033382237	925	911
149	151	0.7198391420911529	0.0	0.00188393223126565555192168943676733761094510555267333984375	0.0	-1.5048819086971692	49.966165110390925	-12.395678044195614	924	912
150	147	0.7006970509383378	0.0	-0.0027780241709244699217784546618759122793562710285186767578125	0.0	-1.5076599328680937	50.01231771186975	-13.094853483245371	926	914
168	158	0.7953351206434317	0.0	-0.00954380142445128420991551365659688599407672882080078125	0.0	-1.517203734292545	50.06249894906283	-13.888603946276842	926	911
145	157	0.7691689008042897	0.0	0.01193678140793538906827553347511639003641903400421142578125	0.0	-1.5052669528846097	50.10370097474213	-14.656668521064926	927	912
149	190	0.76343163538874	0.0	0.03422410755969869378123604519714717753231525421142578125	0.0	-1.471042845324911	50.15369237589735	-15.418461617465034	924	910
144	143	0.7155764075067025	0.0	-0.0009789112139504635261288978398397375713102519512176513671875	0.0	-1.4720217565388614	50.22495528979704	-16.130480712772684	924	905
149	148	0.6847721179624665	0.0	-0.00090522972472838560999142121232807767228223383426666259765625	0.0	-1.4729269862635896	50.292483430921145	-16.81191508503103	923	895
151	195	0.8163002680965147	0.0	0.03816929578827578384281338230721303261816501617431640625	0.0	-1.4347576904753139	50.37224672317421	-17.624309044205635	925	898
148	165	0.7510321715817695	0.0	0.015848047352709337953768908846541307866573333740234375	0.0	-1.4189096431226045	50.4741012739437	-18.368402434337796	925	898
144	138	0.7560321715817696	0.0	-0.006307411789691225352527670366953316261060535907745361328125	0.0	-1.4252170549122958	50.588491484529506	-19.115730691657685	925	904
150	155	0.756367292225201	0.0	0.004863933199012108847536506317510429653339087963104248046875	0.0	-1.4203531217132837	50.69821435837482	-19.864097160510486	924	903
144	169	0.7636193029490618	0.0	0.0234164580623690658789382013083013589493930339813232421875	0.0	-1.3969366636509146	50.81266282934923	-20.61909119182996	928	910
133	160	0.691260053619303	0.0	0.0243679778599627354374046461771285976283252239227294921875	0.0	-1.3725686857909518	50.93224052207822	-21.299930113404933	930	911
155	148	0.7270375335120643	0.0	-0.006582840498724308771205659951419875142164528369903564453125	0.0	-1.379151526289676	51.075417470250514	-22.012730181199103	923	909
157	140	0.6807908847184988	0.0	-0.015139754733593836777405527982409694232046604156494140625	0.0	-1.39429128102327	51.20509032419354	-22.68105733137787	926	907
150	162	0.7444504021447721	0.0	0.0111828794242763117361416647099758847616612911224365234375	0.0	-1.3831084015989936	51.335808369082315	-23.413941492752617	927	914
145	145	0.6764075067024128	0.0	0	0.0	-1.3831084015989936	51.46201784218496	-24.078470110663485	927	762
154	148	0.7327345844504022	0.0	-0.0057082076696705584539781597186447470448911190032958984375	0.0	-1.3888166092686642	51.59873726784364	-24.798336605159	927	304
143	167	0.6898123324396783	0.0	0.0205386741645076920104173723302665166556835174560546875	0.0	-1.3682779351041565	51.72357740254619	-25.476758299058393	275	211
